Age,Income,Credit_Score,Loan_Amount,Loan_Term,Employment_Status,Existing_EMI,Num_Credit_Cards,Late_Payments,Collateral_Available,Loan_Purpose,DTI_Ratio,Approved
59,77761,466,987635,12,Salaried,48449,0,3,Yes,Home,0.6230501150962565,0
49,56368,501,406898,24,Self-employed,5543,1,1,No,Education,0.09833593528242975,0
35,157855,445,388113,24,Self-employed,21067,6,2,No,Home,0.13345792024326122,0
28,61914,738,720398,60,Self-employed,45256,0,2,Yes,Education,0.7309493814000064,0
41,147738,541,799078,60,Salaried,25097,0,4,No,Personal,0.1698750490733596,0
59,87526,782,389208,24,Self-employed,42847,0,4,No,Home,0.4895345383086169,0
39,196837,407,71281,60,Self-employed,43512,7,1,Yes,Auto,0.22105600065028425,0
43,39956,525,104189,24,Self-employed,3809,3,0,No,Personal,0.09532986284913404,0
31,66240,731,312093,12,Salaried,22191,3,3,Yes,Home,0.3350090579710145,0
31,141008,718,360655,24,Self-employed,21267,1,0,Yes,Home,0.15082123000113468,1
44,188220,754,696403,24,Salaried,7206,0,1,No,Education,0.03828498565508447,0
56,114270,459,582893,36,Salaried,21057,9,1,Yes,Personal,0.18427408768705697,0
44,24757,822,412462,24,Self-employed,28992,8,0,Yes,Personal,1.1710627297330047,0
23,39097,376,444597,24,Salaried,46514,6,3,Yes,Personal,1.1897076502033404,0
42,161467,808,856242,36,Self-employed,15995,3,0,No,Personal,0.09906048914019583,1
22,167313,740,299415,60,Salaried,48803,5,4,No,Education,0.2916868384405276,0
44,123892,553,729682,36,Self-employed,44439,1,2,No,Auto,0.358691440932425,0
50,178768,619,91869,12,Self-employed,13210,6,4,Yes,Personal,0.07389465676183657,0
58,90480,562,607243,36,Self-employed,17793,1,2,Yes,Education,0.19665119363395225,0
22,66163,673,635676,12,Salaried,26270,9,1,No,Auto,0.3970497105633058,0
41,39816,466,815612,60,Self-employed,5197,7,3,No,Auto,0.130525416917822,0
53,72853,758,60207,36,Salaried,48321,7,0,Yes,Education,0.6632671269542778,0
32,175989,579,268401,36,Self-employed,7452,0,3,No,Personal,0.04234355556313179,0
42,116731,601,209292,60,Salaried,41486,7,0,No,Auto,0.35539830893250296,0
45,172638,830,527266,12,Salaried,14859,1,4,No,Personal,0.08607027421541028,0
47,82823,517,546762,36,Self-employed,27236,5,4,No,Personal,0.3288458519976335,0
48,171878,401,255157,12,Self-employed,31899,0,0,No,Home,0.1855909424126415,0
36,21759,587,72031,36,Self-employed,32083,4,3,Yes,Personal,1.4744703341146193,0
35,193021,466,513937,24,Self-employed,2172,6,0,No,Home,0.01125266162749131,0
23,112374,335,917239,36,Self-employed,45926,9,1,No,Auto,0.40868884261483973,0
57,153554,652,645600,60,Salaried,16663,0,4,Yes,Education,0.1085155710694609,0
27,44442,372,634054,60,Self-employed,27540,1,1,Yes,Home,0.6196840826245443,0
41,184791,652,193521,12,Self-employed,19053,6,4,Yes,Education,0.1031056707307174,0
29,113501,369,401977,36,Salaried,11085,5,4,Yes,Auto,0.09766433775913869,0
59,22079,724,237771,12,Self-employed,30564,2,2,No,Personal,1.3843018252638253,0
38,153789,816,287199,12,Self-employed,24209,9,1,No,Auto,0.15741698040822166,0
24,79676,727,811019,24,Salaried,3981,1,1,No,Education,0.04996485767357799,0
45,179024,838,810129,24,Self-employed,21153,9,2,No,Auto,0.1181573420323532,0
34,193532,459,685329,60,Self-employed,5247,3,3,Yes,Personal,0.0271117954653494,0
29,110397,448,690473,12,Self-employed,10553,2,1,Yes,Auto,0.09559136570740147,0
46,92847,529,227164,60,Salaried,20811,6,0,No,Personal,0.2241429448447446,0
22,113607,366,506887,36,Self-employed,29845,7,2,No,Home,0.2627038826832854,0
40,169521,680,584638,12,Salaried,6135,1,1,No,Education,0.03619020652308563,0
48,184608,357,801518,12,Self-employed,5573,9,3,No,Personal,0.030188290864967934,0
27,84077,558,937291,36,Salaried,13731,6,1,Yes,Personal,0.1633145806819939,0
28,58258,641,563313,36,Self-employed,7189,7,4,No,Auto,0.12339936146108689,0
55,199374,429,835858,60,Salaried,14541,5,0,Yes,Home,0.0729332811700623,0
34,179937,471,118487,60,Salaried,43646,5,2,Yes,Personal,0.24256267471392765,0
37,157717,508,198694,36,Salaried,11087,9,4,Yes,Home,0.07029679742830514,0
56,139771,653,173853,60,Salaried,46435,0,3,Yes,Home,0.3322219916864013,0
24,58000,770,365261,36,Salaried,2776,3,4,No,Auto,0.04786206896551724,0
22,46737,415,285062,12,Salaried,42079,0,4,No,Personal,0.9003359222885509,0
26,31485,563,501610,12,Self-employed,27564,3,3,No,Auto,0.8754645069080514,0
24,58565,741,283077,24,Self-employed,28835,1,4,No,Education,0.49235891744215826,0
49,176594,847,937516,12,Salaried,7697,4,2,Yes,Education,0.043585852293962425,0
38,139614,752,73782,36,Salaried,14629,9,1,Yes,Personal,0.10478175541134843,0
46,85155,776,559492,60,Salaried,8386,8,4,Yes,Home,0.09847924373201808,0
54,72487,586,864886,24,Salaried,17046,9,2,No,Personal,0.23515940789382925,0
30,149948,602,904336,60,Self-employed,8044,2,1,Yes,Personal,0.05364526369141302,0
56,32342,610,704224,36,Salaried,9615,7,1,Yes,Education,0.29729144765320636,0
34,60806,507,458808,12,Self-employed,47802,2,4,Yes,Education,0.7861395257047002,0
51,68770,745,203245,24,Self-employed,5060,5,2,Yes,Home,0.07357859531772576,0
35,98623,354,172258,36,Salaried,10900,3,4,No,Home,0.11052188637538911,0
28,123177,311,685956,24,Salaried,5581,7,3,Yes,Personal,0.04530878329558278,0
34,151026,699,504418,24,Self-employed,34782,5,1,Yes,Auto,0.2303047157443089,0
43,95629,814,532616,12,Self-employed,20173,7,4,No,Personal,0.21095065304457852,0
41,140993,841,436328,36,Salaried,12997,0,1,No,Home,0.0921818813699971,0
36,146944,536,556581,60,Salaried,43403,5,2,No,Auto,0.29537102569686413,0
38,125947,578,473966,24,Salaried,46416,0,0,Yes,Education,0.368535971480067,0
44,46399,647,328710,24,Self-employed,7148,0,4,Yes,Home,0.15405504428974762,0
46,148177,403,712550,60,Self-employed,18748,7,4,Yes,Home,0.12652435938101056,0
45,129575,816,612621,36,Salaried,14022,6,1,Yes,Auto,0.1082153193131391,0
49,130904,547,434073,24,Self-employed,20013,2,2,No,Home,0.15288302878445273,0
35,50678,663,786265,24,Self-employed,38687,5,3,Yes,Home,0.7633884525829748,0
21,96218,620,663859,24,Salaried,15886,8,2,Yes,Home,0.16510424244943772,0
45,83230,585,170263,36,Salaried,25256,6,4,No,Home,0.30344827586206896,0
27,94055,448,969093,36,Self-employed,30005,2,3,No,Home,0.31901546967200045,0
29,182552,383,599523,60,Self-employed,6638,5,2,No,Home,0.03636224199132302,0
44,92258,705,50159,36,Salaried,37419,3,0,Yes,Home,0.4055908430705196,0
21,59986,755,717505,36,Salaried,33377,2,1,Yes,Home,0.5564131630713833,0
28,175232,460,212993,12,Salaried,40708,8,2,Yes,Education,0.2323091672753835,0
44,105595,759,417003,60,Salaried,43116,9,2,Yes,Home,0.40831478763199014,0
31,121358,849,197309,24,Salaried,36634,1,0,Yes,Education,0.30186720282140445,1
37,84929,799,157507,36,Self-employed,16755,0,4,No,Education,0.19728243591706013,0
28,93506,808,975748,24,Self-employed,23382,1,1,No,Personal,0.25005881975488203,0
55,54911,780,64743,24,Self-employed,49767,6,2,Yes,Personal,0.906321137841234,0
55,107127,413,802462,12,Self-employed,22394,9,3,Yes,Education,0.20904160482418063,0
53,182893,660,96101,36,Salaried,2253,0,2,Yes,Education,0.01231867813420962,0
25,133453,640,292717,60,Salaried,37710,5,1,Yes,Home,0.28257139217552246,0
59,104458,748,695822,36,Salaried,45098,6,2,Yes,Personal,0.431733328227613,0
48,32175,479,396371,24,Self-employed,864,8,0,No,Auto,0.026853146853146853,0
27,139235,706,280604,60,Self-employed,34036,7,2,No,Personal,0.24445003052393435,0
29,74771,495,237450,36,Self-employed,40222,5,2,No,Education,0.5379358307365155,0
28,147157,765,907558,24,Salaried,13666,2,3,Yes,Education,0.09286680212290276,0
32,141300,610,892503,24,Self-employed,20955,7,0,Yes,Home,0.14830148619957537,0
54,106925,561,776481,12,Salaried,45138,6,0,No,Home,0.42214636427402386,0
53,86358,718,386907,12,Salaried,37997,2,2,No,Personal,0.4399939785543899,0
43,168399,705,537030,12,Salaried,16309,8,3,Yes,Home,0.09684736845230672,0
44,67057,442,809710,24,Salaried,4054,1,2,No,Auto,0.06045602994467393,0
57,26150,641,455453,36,Salaried,935,2,2,No,Auto,0.03575525812619503,0
55,24425,615,721009,12,Salaried,44940,1,1,Yes,Home,1.8399181166837257,0
42,36032,400,218785,36,Self-employed,22778,0,1,No,Auto,0.6321603019538188,0
47,22198,543,254535,12,Salaried,43298,3,3,No,Auto,1.9505360843319217,0
55,171151,789,750769,60,Salaried,48328,4,4,No,Personal,0.2823705382965919,0
21,187292,311,229838,60,Self-employed,48924,5,1,Yes,Auto,0.26121777758793757,0
55,192946,538,620442,12,Salaried,16709,4,4,No,Education,0.08659935940625875,0
57,164931,341,319160,24,Self-employed,9726,0,0,No,Education,0.05897011477526966,0
34,182491,728,522779,12,Self-employed,40542,2,1,No,Personal,0.22215890098689797,0
23,138865,457,491904,12,Self-employed,20245,0,1,Yes,Home,0.145789075721024,0
21,159777,515,926110,24,Salaried,34753,4,3,Yes,Personal,0.2175094037314507,0
25,193952,761,948488,60,Salaried,14252,4,4,No,Home,0.07348209866358686,0
46,43236,433,628526,36,Self-employed,21316,5,1,Yes,Home,0.49301508002590433,0
34,107955,366,370752,12,Salaried,37371,7,1,No,Home,0.3461720161178269,0
59,123145,306,663369,24,Salaried,19162,9,3,Yes,Home,0.15560518088432335,0
47,166430,825,297644,12,Self-employed,15960,0,3,Yes,Home,0.09589617256504236,0
29,114914,372,999401,24,Self-employed,30791,3,4,No,Personal,0.26794820474441755,0
35,122870,698,887393,36,Salaried,42230,9,0,No,Home,0.3436965898917555,1
35,136243,704,249775,36,Self-employed,25216,0,0,No,Auto,0.18508106838516475,1
46,34596,429,863349,60,Self-employed,32467,8,2,Yes,Auto,0.9384610937680656,0
33,184644,765,990240,24,Self-employed,46934,6,1,No,Home,0.25418643443599576,0
52,152351,505,864422,24,Salaried,7754,6,4,Yes,Auto,0.050895629172109144,0
59,131496,565,112551,60,Salaried,47014,4,1,Yes,Education,0.3575317880391799,0
52,150273,836,784983,60,Salaried,4078,6,4,No,Personal,0.027137276822849082,0
24,158155,552,727800,24,Self-employed,12853,1,4,Yes,Personal,0.08126837596029211,0
50,140674,588,216277,60,Salaried,4042,3,4,No,Home,0.028733099222315425,0
57,140307,463,130811,36,Self-employed,49052,6,1,Yes,Home,0.3496047951990991,0
43,168843,394,829128,12,Salaried,14389,2,3,No,Education,0.08522118180795177,0
59,181047,409,891535,36,Salaried,30425,1,1,Yes,Home,0.1680502852850365,0
35,196720,635,514028,60,Self-employed,2575,9,4,Yes,Auto,0.013089670597803985,0
49,199357,537,418266,24,Salaried,39522,1,2,No,Education,0.19824736527937317,0
56,39063,680,284104,24,Self-employed,28179,0,0,Yes,Auto,0.7213731664234698,0
33,87642,735,593296,36,Salaried,34754,4,4,No,Personal,0.3965450354852696,0
52,110093,782,252346,24,Salaried,18624,5,2,Yes,Auto,0.1691660686873825,0
27,188671,324,606690,60,Self-employed,20350,5,3,Yes,Personal,0.10785971346947862,0
42,179601,416,234456,36,Self-employed,26681,8,4,Yes,Auto,0.14855707930356735,0
48,55954,781,834282,24,Self-employed,23988,3,2,No,Personal,0.428709296922472,0
22,47856,691,449009,12,Salaried,15470,0,4,No,Home,0.32326145101972587,0
26,22573,836,546043,12,Salaried,24704,5,1,No,Auto,1.0944048199176006,0
48,55367,378,186643,60,Salaried,38736,4,2,No,Personal,0.6996225188289054,0
48,119608,472,540083,24,Self-employed,29377,9,1,No,Auto,0.24561066149421443,0
40,80774,311,983713,60,Self-employed,28572,5,1,Yes,Education,0.3537276846510016,0
50,43752,427,163550,36,Self-employed,7493,2,2,Yes,Home,0.17126074236606326,0
31,75029,391,534146,12,Salaried,4103,1,0,No,Personal,0.054685521598315315,0
48,168757,842,141218,36,Salaried,34844,5,2,Yes,Education,0.2064743980990418,0
45,150282,831,183296,24,Self-employed,2994,0,0,Yes,Auto,0.01992254561424522,1
59,71693,746,549909,60,Salaried,3744,6,4,Yes,Education,0.05222267166947959,0
53,136739,689,568767,60,Self-employed,47234,6,4,Yes,Auto,0.3454318080430601,0
21,75961,342,229767,60,Salaried,47291,9,2,No,Home,0.6225694764418583,0
47,146678,553,957211,36,Salaried,27332,6,4,Yes,Education,0.18634014644322938,0
33,94532,429,441858,12,Self-employed,5594,9,3,No,Home,0.05917572885372149,0
23,101994,359,815348,36,Salaried,40299,0,1,No,Personal,0.39511147714571443,0
59,76133,766,290016,36,Salaried,7371,3,1,Yes,Auto,0.09681741163490208,0
26,81268,586,82441,24,Self-employed,47315,6,0,No,Auto,0.5822094797460255,0
28,189315,816,288038,24,Self-employed,18028,8,4,Yes,Home,0.09522753083485197,0
47,51653,766,744489,24,Salaried,35912,4,0,Yes,Home,0.6952548738698624,0
29,177729,644,805612,12,Self-employed,13990,1,1,Yes,Personal,0.07871534752347675,0
57,191024,681,898800,12,Salaried,46851,6,1,No,Education,0.24526237540832566,0
53,173252,552,666410,24,Self-employed,16626,9,4,No,Auto,0.09596426015284094,0
44,141829,355,94760,24,Salaried,20469,0,3,No,Auto,0.14432168315365687,0
35,148377,762,335622,12,Salaried,40722,6,3,Yes,Personal,0.27444954406680283,0
52,21622,756,964313,60,Self-employed,40037,5,4,Yes,Personal,1.8516788456202016,0
52,68756,382,908286,12,Salaried,7130,6,4,Yes,Home,0.10370004072371866,0
44,60809,398,930662,12,Salaried,6828,9,0,No,Home,0.11228601029452877,0
32,36725,448,397860,12,Self-employed,41612,2,4,Yes,Education,1.133070115724983,0
59,71226,628,717540,24,Self-employed,46988,2,3,Yes,Personal,0.6597029174739562,0
22,101182,455,148538,60,Salaried,39099,6,4,No,Education,0.38642248621296277,0
23,49402,489,589660,12,Self-employed,46165,1,0,No,Personal,0.9344763369904052,0
57,24263,793,866228,24,Self-employed,17883,0,0,No,Auto,0.7370481803569221,0
37,197900,562,561511,36,Salaried,43059,8,0,Yes,Personal,0.21757958564931784,0
22,67924,379,271035,36,Salaried,18542,8,0,Yes,Personal,0.27298156763441495,0
22,94182,699,935258,12,Self-employed,42932,6,2,Yes,Auto,0.45584081884011807,0
48,162736,559,432736,36,Self-employed,10450,6,4,No,Personal,0.0642144331924098,0
43,55737,400,405779,60,Self-employed,20423,2,1,No,Education,0.3664172811597323,0
57,121332,658,685310,36,Salaried,2035,9,4,No,Home,0.01677216233145419,0
52,109563,679,628328,36,Salaried,44231,1,2,No,Home,0.40370380511669085,0
53,180445,520,911789,60,Salaried,40745,6,0,Yes,Education,0.22580287622267173,0
21,187469,719,776728,12,Salaried,17241,8,2,Yes,Auto,0.09196720524460045,0
39,148575,423,652644,12,Salaried,23154,0,3,Yes,Personal,0.15584048460373548,0
22,121371,721,328355,60,Salaried,25625,3,3,Yes,Education,0.2111295119921563,0
46,58709,530,417570,60,Salaried,44950,5,4,Yes,Home,0.7656407024476656,0
52,170322,362,317986,60,Self-employed,33066,6,4,Yes,Home,0.1941381618346426,0
26,41172,784,506331,36,Self-employed,33691,9,1,Yes,Education,0.8182988438744778,0
52,31555,782,903284,60,Salaried,13331,6,1,Yes,Home,0.42246870543495485,0
24,73276,818,437881,24,Salaried,20690,9,3,No,Education,0.2823571155630766,0
31,77492,454,358112,36,Salaried,19183,1,0,No,Home,0.24754813400092912,0
37,109599,391,853940,12,Self-employed,39346,3,2,Yes,Education,0.35899962590899553,0
58,175834,825,203077,12,Salaried,4875,4,1,No,Personal,0.02772501336487824,0
44,31046,754,104575,12,Self-employed,12254,0,1,Yes,Personal,0.3947046318366295,0
25,136021,809,523958,36,Self-employed,28621,0,0,Yes,Personal,0.21041603869990663,1
54,179841,482,724331,24,Self-employed,10905,9,0,No,Personal,0.060636895924733515,0
26,174222,685,468815,60,Self-employed,46121,2,4,Yes,Home,0.26472546521105256,0
42,24853,704,530808,60,Self-employed,15882,9,2,Yes,Auto,0.6390375407395485,0
31,140900,545,641202,12,Salaried,19041,2,0,Yes,Education,0.13513839602555003,0
36,172864,770,823422,12,Salaried,29098,7,1,Yes,Auto,0.1683288596815994,0
53,79129,722,641343,36,Self-employed,42431,8,1,Yes,Home,0.5362256568388328,0
29,134130,364,661985,24,Salaried,33709,0,3,Yes,Home,0.25131588757175877,0
26,183059,312,680527,60,Self-employed,34675,1,0,Yes,Auto,0.1894198045438902,0
36,166922,512,285469,36,Self-employed,4837,9,4,No,Auto,0.028977606307137464,0
49,163184,541,173106,60,Salaried,46448,1,2,No,Home,0.2846357486028042,0
23,141789,792,841787,12,Salaried,24489,3,4,Yes,Home,0.17271438546008505,0
40,175130,512,890552,60,Salaried,17627,1,1,No,Education,0.10065094501227659,0
56,196492,637,517835,24,Salaried,5696,6,4,Yes,Personal,0.028988457545345358,0
39,58890,472,350486,24,Salaried,48994,8,1,Yes,Personal,0.8319578875870267,0
46,86017,463,52257,12,Self-employed,13543,6,1,Yes,Education,0.1574456212144111,0
23,198376,764,339508,24,Salaried,12615,5,1,Yes,Auto,0.06359136185828931,0
39,183993,796,730332,24,Salaried,1466,9,1,No,Home,0.007967694423157402,0
40,152596,694,161715,36,Salaried,30771,0,1,No,Auto,0.2016501087839786,0
52,120424,607,76654,60,Self-employed,18350,9,3,No,Personal,0.15237826346907593,0
27,35048,482,786129,12,Salaried,375,8,4,No,Personal,0.010699611960739557,0
53,186183,809,393567,12,Self-employed,33030,4,3,Yes,Auto,0.17740610044955768,0
59,188976,845,341464,12,Salaried,20746,4,3,No,Personal,0.10978113622893912,0
38,74912,526,595096,12,Salaried,22886,5,0,Yes,Home,0.30550512601452373,0
21,54008,735,626677,12,Self-employed,44348,8,0,Yes,Education,0.8211376092430751,0
31,151132,721,538906,24,Salaried,42904,7,0,No,Auto,0.2838842865839134,1
48,103559,320,168581,36,Salaried,32651,7,2,Yes,Home,0.3152888691470563,0
45,75337,696,177927,12,Self-employed,7833,7,0,No,Home,0.10397281548243227,1
43,130616,404,84773,36,Salaried,1893,0,4,No,Personal,0.014492864580143322,0
51,33350,491,756528,36,Self-employed,30573,0,3,No,Home,0.9167316341829086,0
50,44354,316,470963,24,Self-employed,31371,7,4,No,Auto,0.7072868286963971,0
55,65186,419,388540,12,Self-employed,40874,4,0,No,Home,0.6270364802258154,0
27,48145,692,551590,24,Self-employed,11826,8,2,Yes,Education,0.24563298369508776,0
36,185092,724,419836,12,Self-employed,34420,1,2,No,Home,0.18596157586497525,0
46,106123,428,264764,24,Salaried,21924,8,3,No,Home,0.20659046578027385,0
22,40581,429,631793,36,Salaried,33367,7,4,Yes,Education,0.822232079051773,0
21,108929,328,922328,12,Salaried,21199,8,1,No,Home,0.1946130048012926,0
32,43051,396,592423,60,Self-employed,25868,3,4,No,Home,0.600868737079278,0
25,71474,309,665175,36,Self-employed,8792,0,0,Yes,Personal,0.12300976578895823,0
57,111748,541,172118,60,Self-employed,20597,0,1,Yes,Auto,0.18431649783441315,0
52,145995,531,359521,36,Self-employed,36405,4,2,No,Personal,0.2493578547210521,0
29,89626,583,204626,24,Salaried,32696,1,3,Yes,Auto,0.36480485573382726,0
55,26960,499,898923,12,Salaried,43123,7,3,No,Education,1.5995178041543028,0
39,186844,378,295739,36,Self-employed,15989,9,2,Yes,Education,0.08557406178416219,0
36,172592,472,894715,24,Self-employed,28931,4,0,No,Education,0.16762654120700843,0
23,56408,766,528356,12,Salaried,9290,4,2,No,Auto,0.1646929513544178,0
40,114006,715,329067,12,Self-employed,38367,1,0,No,Auto,0.3365349192147782,1
44,77134,748,359735,36,Self-employed,14342,6,1,Yes,Auto,0.18593616304094174,0
53,171563,386,636549,12,Self-employed,24941,7,2,No,Education,0.1453751683055204,0
44,152413,400,366480,36,Salaried,13945,9,0,Yes,Auto,0.09149481999566966,0
31,195695,307,386227,12,Salaried,10762,0,1,No,Home,0.05499374025907663,0
28,110327,499,635236,60,Self-employed,30133,1,2,No,Personal,0.27312443916720297,0
56,151410,804,290891,24,Salaried,47080,9,3,No,Education,0.31094379499372565,0
58,163326,386,214074,60,Self-employed,40150,3,2,No,Personal,0.24582736367755287,0
40,31344,342,523314,36,Self-employed,27052,4,4,No,Home,0.8630678917815212,0
55,152822,684,559452,60,Salaried,41750,1,2,Yes,Auto,0.2731936501289081,0
45,87957,734,338816,36,Self-employed,19953,0,4,Yes,Personal,0.22684948327023433,0
55,125423,707,840645,12,Self-employed,40475,8,1,Yes,Home,0.32270795627596216,0
45,78053,782,191365,12,Salaried,17130,0,2,No,Home,0.21946626010531306,0
49,166968,316,499076,36,Self-employed,31086,3,1,No,Personal,0.18617938766709788,0
38,97454,447,112507,60,Self-employed,4633,1,1,Yes,Education,0.047540378024503865,0
38,110600,576,107134,12,Self-employed,17304,3,0,No,Personal,0.15645569620253164,0
22,142732,531,183172,24,Salaried,42037,7,1,No,Education,0.294516996889275,0
55,179007,665,291225,12,Self-employed,32284,7,1,No,Auto,0.18035048908701895,0
36,57641,527,243069,24,Salaried,46546,8,2,Yes,Education,0.807515483770233,0
56,49711,735,864604,60,Self-employed,7008,4,2,Yes,Auto,0.14097483454366236,0
53,90342,698,856564,24,Self-employed,48291,6,3,Yes,Personal,0.5345354320249718,0
24,126896,510,823221,24,Self-employed,27405,2,0,Yes,Auto,0.21596425419240953,0
53,163254,690,854631,24,Self-employed,36386,9,1,Yes,Home,0.22287968441814596,0
34,107833,798,610897,24,Salaried,25373,3,0,No,Auto,0.23529902719946585,1
41,76276,839,224037,12,Salaried,20827,9,4,No,Education,0.27304787875609626,0
40,39541,790,713376,24,Self-employed,33040,8,1,No,Education,0.8355883766217344,0
28,114457,741,482995,12,Self-employed,13007,9,0,No,Education,0.11364093065518055,1
27,64813,560,546013,24,Self-employed,18157,9,3,Yes,Auto,0.28014441547220464,0
23,188270,649,344025,36,Self-employed,32157,0,3,Yes,Education,0.17080257077601319,0
37,159892,651,787954,60,Self-employed,35315,1,1,No,Education,0.22086783578915767,0
53,44070,819,860904,24,Self-employed,35932,4,4,Yes,Home,0.8153392330383481,0
32,162194,619,550098,36,Self-employed,21164,2,3,No,Auto,0.13048571463802608,0
42,100559,437,757173,24,Self-employed,14414,1,3,No,Home,0.14333873646317088,0
42,61786,849,805728,24,Salaried,14327,0,4,No,Education,0.2318810086427346,0
50,157809,667,307803,24,Salaried,48344,9,0,No,Education,0.3063450120081871,1
58,56062,519,741381,36,Salaried,946,2,3,Yes,Education,0.016874175020513003,0
58,71571,636,366275,60,Self-employed,14693,0,2,No,Auto,0.20529264646295287,0
28,45510,522,729447,36,Self-employed,27241,0,3,Yes,Personal,0.5985717424741815,0
47,39426,659,62828,60,Self-employed,49658,0,0,No,Education,1.259524171866281,0
47,57265,628,933096,24,Salaried,30254,7,0,No,Education,0.5283157251375186,0
54,168922,762,566835,12,Self-employed,15540,2,1,No,Education,0.09199512200897456,0
41,86150,681,706761,24,Salaried,6719,0,2,No,Education,0.0779918746372606,0
50,107312,468,851625,60,Self-employed,41203,6,0,Yes,Auto,0.38395519606381395,0
53,109613,516,273461,36,Salaried,25081,9,4,No,Personal,0.2288141005172744,0
48,94910,677,488080,24,Salaried,11350,2,2,Yes,Personal,0.11958697713623433,0
53,72375,418,463523,36,Salaried,36358,7,2,No,Personal,0.5023557858376512,0
25,141826,489,414662,36,Self-employed,32021,3,4,No,Education,0.2257766559023028,0
39,55435,669,331755,36,Salaried,42832,3,3,No,Education,0.7726526562640931,0
24,116443,448,749151,24,Self-employed,28369,4,4,Yes,Personal,0.24362993052394735,0
55,154055,787,979454,36,Self-employed,31728,5,4,No,Personal,0.20595241959040603,0
37,171734,673,388384,36,Self-employed,17576,6,3,No,Education,0.10234432319750311,0
48,43510,459,289719,24,Self-employed,29001,3,3,No,Education,0.6665364284072627,0
50,192070,650,782763,36,Self-employed,17848,7,3,No,Home,0.09292445462591764,0
49,114071,587,839177,24,Salaried,390,5,3,No,Home,0.0034189233021539216,0
26,26640,587,891675,60,Self-employed,21999,0,3,Yes,Home,0.8257882882882883,0
55,64547,525,316010,60,Self-employed,45436,0,4,Yes,Personal,0.7039211737183757,0
57,74620,822,737605,60,Self-employed,11569,8,1,No,Auto,0.15503886357544894,0
44,166389,821,487940,36,Self-employed,13029,9,1,No,Education,0.07830445522240052,0
49,135608,572,965113,12,Self-employed,22490,5,0,Yes,Home,0.16584567282166243,0
51,27564,701,645642,12,Salaried,45875,9,1,No,Auto,1.6643085183572777,0
55,178417,482,101374,36,Salaried,35328,7,1,Yes,Education,0.19800803735070088,0
53,133824,787,164397,12,Self-employed,5867,6,4,No,Auto,0.04384116451458632,0
41,99273,423,298552,24,Salaried,15284,5,3,No,Personal,0.15395928399464104,0
52,94859,713,436721,12,Salaried,33979,3,3,Yes,Personal,0.3582053363413066,0
43,130017,471,473332,36,Self-employed,9121,6,4,No,Personal,0.07015236469077121,0
53,143618,587,917461,36,Salaried,1539,8,1,Yes,Home,0.010715926972942111,0
23,145341,734,930006,24,Self-employed,25488,9,4,Yes,Education,0.17536689578302062,0
38,49430,412,987951,60,Salaried,17027,9,0,Yes,Personal,0.3444669229213029,0
45,47788,421,342575,36,Salaried,8693,6,3,No,Home,0.1819075918640663,0
51,199615,843,461124,24,Salaried,8921,0,2,Yes,Home,0.04469103023319891,0
23,164991,521,79336,12,Self-employed,10310,9,0,Yes,Home,0.06248825693522677,0
44,89346,338,877424,12,Salaried,45512,8,0,No,Home,0.5093904595617039,0
52,116122,796,105350,24,Salaried,30908,3,4,No,Personal,0.266168340193934,0
42,59974,532,643849,24,Self-employed,4386,2,1,No,Home,0.07313169039917297,0
43,127309,829,560470,36,Self-employed,32263,3,3,No,Personal,0.25342277450926487,0
22,36371,448,888387,12,Salaried,28412,3,2,No,Personal,0.7811718127079267,0
47,65084,696,111240,24,Self-employed,17303,9,0,No,Home,0.26585643168827977,1
22,180701,601,725453,12,Salaried,12242,1,2,Yes,Personal,0.0677472731196839,0
46,81916,659,449371,24,Salaried,47025,0,1,No,Education,0.5740636749841301,0
37,93972,537,620895,12,Self-employed,8947,9,1,Yes,Education,0.09520921125441621,0
53,32984,535,761028,60,Self-employed,46714,0,2,No,Auto,1.4162624302692215,0
29,53039,502,988467,36,Self-employed,5930,7,3,Yes,Education,0.11180452120138011,0
59,105431,555,231196,12,Salaried,38170,1,1,Yes,Personal,0.36203773083817853,0
49,103691,534,365014,60,Self-employed,48785,9,2,No,Personal,0.47048442005574254,0
46,78606,644,499763,12,Salaried,507,4,0,No,Education,0.0064498893214258455,0
55,161688,833,638398,12,Self-employed,1436,3,2,Yes,Home,0.00888130226114492,0
45,122665,765,234626,60,Salaried,27151,7,2,No,Home,0.22134268128643053,0
44,125373,840,726296,12,Self-employed,11618,1,4,No,Personal,0.09266748023896693,0
33,44574,512,429039,12,Salaried,8750,9,1,Yes,Home,0.19630277740386773,0
27,154502,762,578714,36,Self-employed,16122,8,3,Yes,Auto,0.10434816377781517,0
56,163748,735,794199,60,Salaried,7354,6,3,Yes,Auto,0.0449104721889733,0
40,161888,582,864038,60,Self-employed,44062,6,4,No,Education,0.2721758252619095,0
21,52733,762,491048,24,Self-employed,30979,0,3,No,Education,0.5874689473384788,0
28,22050,706,602439,12,Salaried,20900,1,2,No,Home,0.9478458049886621,0
36,129996,387,323452,36,Self-employed,13840,3,4,No,Personal,0.10646481430197852,0
34,53933,343,290853,12,Salaried,37167,3,0,Yes,Education,0.689132812934567,0
32,44951,760,828883,12,Salaried,5037,2,1,No,Auto,0.11205534915797201,0
43,52413,577,226743,24,Self-employed,28633,6,1,Yes,Education,0.5462957663175166,0
35,185873,720,140306,12,Salaried,24495,7,1,No,Education,0.13178352961430653,0
48,183985,652,799468,36,Self-employed,15848,1,2,No,Auto,0.08613745685789602,0
54,132573,814,943416,36,Self-employed,36483,3,0,Yes,Personal,0.2751917811319047,1
22,191672,318,576492,24,Salaried,47645,2,4,No,Education,0.24857569180683667,0
52,186472,322,142769,12,Self-employed,7837,1,4,No,Education,0.042027757518555066,0
43,155566,712,137265,36,Salaried,34069,5,1,Yes,Education,0.21900029569443194,0
42,142744,329,867563,12,Salaried,7370,3,0,No,Home,0.05163089166619963,0
45,109431,407,102428,12,Self-employed,6411,5,0,Yes,Education,0.058584861693669985,0
42,63001,666,608158,12,Self-employed,39133,1,0,Yes,Auto,0.6211488706528467,0
42,87364,580,677835,24,Salaried,30499,3,3,Yes,Personal,0.34910260519207,0
26,144988,427,810278,12,Salaried,30225,5,3,Yes,Personal,0.20846552818164263,0
35,65028,528,99067,36,Self-employed,48217,4,1,No,Auto,0.7414805929753338,0
57,188645,410,812371,12,Self-employed,692,2,0,No,Home,0.0036682657902409287,0
53,151878,435,162217,36,Self-employed,28926,7,0,No,Auto,0.19045549717536445,0
28,144343,661,989111,12,Self-employed,34246,6,4,Yes,Personal,0.23725431784014467,0
25,148301,485,468184,36,Salaried,39164,2,4,No,Auto,0.2640845307853622,0
59,146295,428,673222,36,Self-employed,8448,5,1,No,Home,0.05774633446119143,0
24,180829,560,192980,12,Salaried,43390,3,0,No,Personal,0.23995045042554014,0
26,54636,814,993927,12,Salaried,49593,4,1,No,Home,0.9076982209532176,0
52,199352,748,552367,36,Self-employed,10073,4,4,Yes,Auto,0.05052871303021791,0
50,44262,403,386851,60,Salaried,35414,6,4,Yes,Education,0.8000994080701279,0
55,100435,782,259329,24,Self-employed,5209,4,3,No,Auto,0.05186438990391796,0
36,148583,523,307354,60,Salaried,6533,2,1,Yes,Home,0.04396869090003567,0
33,189269,790,573406,60,Self-employed,21061,9,1,No,Auto,0.11127548621274483,0
50,61844,772,111215,12,Salaried,7211,4,0,No,Education,0.11659983183493952,1
39,84754,309,761195,24,Salaried,9927,6,0,No,Home,0.11712721523467919,0
37,185229,704,361573,60,Self-employed,11927,4,3,Yes,Auto,0.06439056519227551,0
39,97129,601,918584,12,Self-employed,24594,4,2,No,Home,0.25320964902346366,0
48,60042,530,682336,60,Salaried,9316,8,2,Yes,Home,0.15515805602744745,0
46,81665,365,219530,60,Salaried,12177,2,2,Yes,Personal,0.14910916549317332,0
57,136953,411,227241,12,Self-employed,10846,5,1,No,Personal,0.07919505231721831,0
46,178448,312,188731,12,Salaried,7933,0,1,Yes,Home,0.04445552766071909,0
43,165271,692,503830,12,Self-employed,38244,9,4,Yes,Auto,0.2314017583242069,0
29,138533,799,814265,24,Salaried,46621,4,1,No,Auto,0.3365335335263078,0
32,93781,533,389384,60,Self-employed,40696,7,1,Yes,Auto,0.43394717480086586,0
21,86262,613,476009,12,Salaried,2080,4,1,Yes,Education,0.024112587234239875,0
21,66600,311,163688,36,Self-employed,6089,8,3,No,Home,0.09142642642642643,0
54,96898,508,358617,60,Self-employed,26123,5,1,No,Home,0.2695927676525831,0
52,169369,313,933194,36,Salaried,7797,7,0,Yes,Education,0.046035579120145956,0
45,50448,717,794748,24,Self-employed,8346,9,0,No,Home,0.16543767840152235,1
21,46172,736,540834,12,Salaried,19878,7,4,No,Home,0.43052066187299665,0
36,193946,676,943388,36,Self-employed,33672,2,3,Yes,Education,0.17361533622760975,0
59,27657,319,430596,24,Self-employed,17653,6,0,Yes,Personal,0.6382832555953285,0
25,176497,369,761111,12,Self-employed,49556,6,3,No,Home,0.28077531062850924,0
42,177757,510,962743,36,Salaried,42742,9,3,Yes,Education,0.2404518528102972,0
49,132855,400,784275,36,Self-employed,26140,5,4,No,Auto,0.19675586165368258,0
23,175650,431,319150,24,Salaried,1184,6,3,No,Personal,0.006740677483632223,0
32,179903,680,299243,12,Self-employed,34493,1,1,Yes,Auto,0.1917310995369727,0
46,27906,431,648506,12,Salaried,44148,8,3,Yes,Home,1.582025370887981,0
36,81413,319,246416,36,Salaried,24846,9,4,No,Personal,0.3051846756660484,0
57,74028,835,606718,36,Salaried,45825,9,4,No,Education,0.6190225320149133,0
42,27287,526,73091,36,Self-employed,22195,0,4,No,Home,0.8133909920474951,0
49,53660,453,831413,12,Salaried,5606,0,0,No,Education,0.10447260529258293,0
34,80504,768,598277,24,Self-employed,3956,2,1,Yes,Personal,0.049140415383086555,0
48,122979,704,125451,24,Salaried,16555,2,0,No,Auto,0.13461647923629239,1
25,54701,501,68990,12,Salaried,24849,0,2,Yes,Home,0.45426957459644246,0
50,103300,337,402414,60,Salaried,18690,6,1,Yes,Home,0.1809293320425944,0
25,168746,487,916792,24,Salaried,48849,3,3,No,Education,0.2894824173610041,0
32,103560,356,300541,36,Self-employed,26347,9,4,Yes,Personal,0.25441290073387407,0
36,174946,319,872513,60,Salaried,33189,1,2,Yes,Education,0.1897099676471597,0
46,63642,572,716393,60,Salaried,38308,9,1,No,Personal,0.6019295433833003,0
46,85160,418,420416,24,Self-employed,25785,4,0,Yes,Home,0.3027829967120714,0
41,37602,815,852673,60,Salaried,49056,5,4,Yes,Personal,1.3046114568374023,0
59,123320,520,174932,60,Salaried,32698,8,0,No,Home,0.265147583522543,0
56,108801,825,318083,24,Salaried,15966,3,1,No,Personal,0.14674497477045248,0
53,45931,814,163000,24,Salaried,31097,1,1,No,Auto,0.6770372950730443,0
50,114377,635,752922,60,Self-employed,15882,4,2,No,Personal,0.1388565883000953,0
57,49192,354,609351,36,Self-employed,4675,2,3,No,Auto,0.09503577817531306,0
43,66542,799,543216,12,Salaried,41850,1,0,No,Personal,0.6289260917916504,0
30,147015,835,782081,60,Self-employed,13009,0,2,No,Personal,0.0884875692956501,0
25,62520,461,732405,60,Self-employed,27843,9,4,Yes,Education,0.4453454894433781,0
56,84772,458,559850,36,Salaried,29793,1,3,Yes,Education,0.3514485915160666,0
54,70106,487,487985,60,Self-employed,39516,5,2,No,Home,0.5636607423045104,0
51,101121,359,883550,60,Salaried,38871,7,0,Yes,Education,0.3844008662889014,0
30,45559,618,134703,12,Self-employed,17857,2,1,Yes,Personal,0.3919532913365087,0
39,125595,510,545164,12,Self-employed,19627,8,4,No,Education,0.1562721445917433,0
52,53742,705,464841,12,Self-employed,18565,8,0,Yes,Personal,0.34544676416955084,1
21,89669,408,810084,24,Salaried,26025,1,3,No,Auto,0.29023408312794835,0
25,172826,375,702845,24,Self-employed,27832,7,3,Yes,Personal,0.1610405841713631,0
24,155044,841,339220,12,Salaried,44116,9,1,No,Home,0.28453858259590825,0
36,90831,613,303317,12,Salaried,9782,4,1,Yes,Auto,0.10769450958373243,0
44,132217,416,245877,24,Self-employed,38650,3,4,Yes,Home,0.29232246987906246,0
36,61873,318,881037,36,Salaried,22366,9,4,Yes,Home,0.3614823913500234,0
22,126532,731,396709,60,Self-employed,28557,4,1,No,Home,0.22568994404577497,0
48,146267,649,531725,60,Salaried,5798,3,1,Yes,Education,0.03963983673692631,0
52,160975,482,875553,12,Salaried,9627,7,3,Yes,Home,0.05980431744059637,0
47,154092,412,867865,36,Self-employed,41183,3,1,No,Auto,0.26726241466137113,0
40,61755,482,617597,24,Self-employed,12466,9,2,No,Personal,0.20186219739292366,0
44,105956,780,903900,12,Self-employed,42614,5,0,Yes,Home,0.4021858129789724,0
32,106988,445,487470,36,Self-employed,12720,1,1,Yes,Auto,0.11889183833700975,0
55,65648,412,903725,36,Salaried,41913,4,4,Yes,Home,0.6384505240068242,0
53,145991,775,408402,36,Salaried,37292,5,2,Yes,Personal,0.2554404038605119,0
53,160588,602,874837,24,Salaried,6559,4,4,No,Auto,0.040843649587764964,0
57,135005,417,617815,24,Self-employed,40388,1,2,Yes,Auto,0.29915929039665196,0
32,22396,460,913659,60,Salaried,19158,6,1,Yes,Personal,0.8554206108233613,0
23,104082,700,967996,60,Self-employed,30916,3,0,No,Auto,0.29703503007244286,1
21,170201,497,798778,36,Salaried,22057,7,4,Yes,Personal,0.12959383317371814,0
53,148322,559,189883,36,Self-employed,35892,6,2,Yes,Auto,0.24198702822238102,0
30,152663,346,667632,24,Salaried,41439,6,3,Yes,Auto,0.2714410171423331,0
49,31303,698,205344,60,Salaried,11706,8,1,No,Personal,0.3739577676261061,0
33,181633,377,515226,36,Self-employed,12070,0,0,No,Personal,0.06645268205667472,0
32,91719,423,797852,60,Salaried,40902,9,1,Yes,Auto,0.4459490400026167,0
51,119616,374,621441,60,Self-employed,924,5,3,Yes,Auto,0.007724719101123595,0
22,144165,436,158042,36,Salaried,26478,5,0,No,Personal,0.18366455103527207,0
55,106231,699,104110,24,Salaried,5506,5,3,Yes,Education,0.05183044497368941,0
43,27314,804,195051,36,Self-employed,46418,5,1,Yes,Personal,1.6994215420663397,0
37,39623,799,815419,36,Self-employed,35163,9,2,No,Auto,0.8874391136461146,0
46,125228,437,813461,60,Salaried,24604,6,1,No,Auto,0.1964736320950586,0
28,184202,349,78328,36,Salaried,15310,9,1,No,Auto,0.08311527562132875,0
49,117624,553,687199,24,Salaried,8226,5,1,Yes,Personal,0.06993470720261172,0
46,177364,725,325011,36,Salaried,11781,0,4,Yes,Auto,0.06642272388985364,0
30,131785,846,109234,24,Salaried,5515,2,3,Yes,Education,0.04184846530333498,0
46,106206,601,862283,24,Salaried,36133,1,3,Yes,Home,0.3402161836431087,0
54,89274,648,867711,60,Self-employed,16972,5,3,No,Education,0.19011134260815019,0
27,153541,348,822791,12,Self-employed,32092,7,4,Yes,Personal,0.2090125764453794,0
24,73947,373,277135,12,Self-employed,11410,2,2,Yes,Auto,0.15429970113730104,0
31,173606,560,647690,60,Salaried,19522,9,1,No,Personal,0.11245003052889876,0
49,68874,655,851881,36,Salaried,9095,7,2,No,Home,0.13205273397798878,0
56,69708,559,388365,60,Salaried,23047,7,4,Yes,Personal,0.33062202329718254,0
45,94553,594,925512,24,Self-employed,20470,4,3,No,Auto,0.21649233763074677,0
41,88344,612,579739,12,Self-employed,43129,7,1,No,Home,0.4881938784750521,0
56,69138,481,137178,60,Salaried,8531,5,0,Yes,Home,0.12339089936069889,0
30,67638,663,900193,36,Salaried,37038,4,0,Yes,Auto,0.5475915905260357,0
57,98249,487,286562,60,Self-employed,22403,8,2,Yes,Auto,0.22802267707559365,0
29,125865,842,351014,12,Self-employed,42674,6,3,Yes,Auto,0.33904580304294285,0
44,22719,847,408710,60,Self-employed,29122,7,0,No,Personal,1.2818345877899555,0
55,173962,707,435893,60,Salaried,16940,0,2,No,Education,0.09737758820891919,0
55,187581,713,173765,12,Salaried,29831,1,4,Yes,Personal,0.159029965721475,0
56,62534,641,437025,24,Salaried,11279,7,2,Yes,Personal,0.18036588096075734,0
38,112241,519,998377,24,Self-employed,38220,8,2,No,Education,0.3405172797818979,0
59,169859,462,178389,12,Self-employed,6477,3,2,Yes,Auto,0.038131626819891795,0
52,146209,519,763987,60,Salaried,17400,9,1,Yes,Auto,0.11900772182287,0
44,199917,569,247227,12,Salaried,6470,9,2,Yes,Education,0.032363430823791874,0
43,112124,699,542402,24,Self-employed,2062,8,2,Yes,Education,0.01839035353715529,0
52,111659,481,861804,36,Salaried,41798,3,1,No,Personal,0.37433614845198326,0
57,184134,504,840074,60,Self-employed,19880,9,1,Yes,Home,0.10796485168409962,0
32,95713,527,310220,24,Self-employed,34581,9,4,No,Education,0.3612988831193255,0
33,95418,549,471217,60,Salaried,44439,9,3,Yes,Personal,0.46572973652769917,0
43,148232,740,346208,12,Self-employed,14308,8,0,Yes,Home,0.09652436720816018,1
45,185904,832,800186,36,Salaried,26027,6,0,No,Auto,0.14000236681297873,1
55,183038,495,850554,12,Self-employed,30720,1,2,Yes,Auto,0.1678340016827107,0
50,164059,818,992324,36,Self-employed,35081,8,4,No,Personal,0.2138316093600473,0
37,188383,369,118431,60,Salaried,9706,3,2,Yes,Personal,0.05152269578465148,0
40,51575,698,105745,60,Self-employed,9837,7,0,Yes,Education,0.19073194377120697,1
45,83852,502,100081,12,Salaried,38599,6,1,Yes,Auto,0.4603229499594524,0
42,152079,447,976215,36,Salaried,36824,6,3,Yes,Personal,0.24213731021377047,0
33,96242,771,266204,36,Self-employed,33073,7,4,Yes,Auto,0.3436441470459882,0
39,198589,498,986297,60,Salaried,47115,0,1,No,Auto,0.2372487902149666,0
56,49257,725,451415,12,Salaried,32088,4,3,No,Education,0.6514404044095256,0
32,193279,791,650541,36,Salaried,28112,1,4,Yes,Home,0.1454477723912065,0
39,164353,441,348335,60,Salaried,26299,1,4,Yes,Education,0.1600153328506325,0
32,81246,612,846643,24,Salaried,34457,0,0,No,Personal,0.4241070329616227,0
29,21435,464,161086,12,Salaried,30063,4,1,No,Education,1.402519244226732,0
27,111357,613,506285,24,Self-employed,3917,1,4,Yes,Education,0.03517515737672531,0
48,177732,320,464758,12,Salaried,2936,3,4,Yes,Auto,0.016519253707829765,0
34,156156,381,474528,60,Self-employed,36630,2,3,No,Education,0.2345731191885038,0
51,164579,430,488458,36,Self-employed,14506,2,0,Yes,Personal,0.08814004216819886,0
39,103807,604,938403,36,Salaried,28805,1,2,No,Home,0.2774861040199601,0
36,196611,670,668071,36,Self-employed,14318,5,0,Yes,Education,0.07282400272619538,1
25,135953,683,699969,12,Self-employed,48068,1,2,No,Education,0.35356336380955183,0
55,158563,744,662181,60,Salaried,26026,7,1,No,Home,0.16413665230854613,0
32,143797,724,549797,24,Salaried,27672,7,1,Yes,Personal,0.19243795072219866,0
45,83888,460,208763,60,Salaried,38417,4,4,No,Personal,0.4579558458897578,0
41,93609,477,652248,24,Self-employed,27281,9,1,Yes,Education,0.2914356525547757,0
56,29077,789,920820,12,Self-employed,48442,6,4,Yes,Auto,1.6659903016129587,0
43,40953,626,72601,12,Salaried,28091,3,0,Yes,Education,0.6859326545063854,0
36,134682,588,461236,24,Salaried,38328,0,1,Yes,Home,0.2845814585467991,0
59,87889,653,189227,24,Self-employed,48219,1,0,No,Home,0.5486352103221108,0
59,174893,327,774479,24,Self-employed,18610,9,0,Yes,Home,0.10640791798413887,0
34,188639,342,742137,60,Self-employed,1079,9,1,Yes,Education,0.005719920058948573,0
51,135374,722,331854,24,Self-employed,29850,3,0,Yes,Education,0.2205002437691137,1
25,44860,476,420858,12,Salaried,46751,0,1,Yes,Personal,1.0421533660276416,0
55,172267,828,729892,12,Self-employed,20590,7,1,No,Auto,0.11952376253141925,0
43,97475,793,703015,36,Self-employed,30951,8,1,Yes,Education,0.3175275711720954,0
49,107266,497,986105,24,Self-employed,15327,3,2,No,Personal,0.14288777431805044,0
31,172499,816,637515,60,Self-employed,12755,9,0,No,Education,0.07394245763743558,1
38,120732,813,710327,60,Salaried,7235,2,3,No,Personal,0.059926117350826626,0
32,47083,321,658577,60,Salaried,17197,1,1,Yes,Personal,0.3652486035299365,0
29,77372,411,201094,36,Self-employed,21473,4,0,Yes,Auto,0.2775293387788864,0
30,143786,356,486679,12,Self-employed,2031,2,4,Yes,Education,0.014125158221245462,0
37,195136,365,780031,60,Salaried,41282,9,1,Yes,Personal,0.21155501803870122,0
58,27813,397,842154,12,Salaried,41863,6,1,No,Home,1.5051594578075,0
27,51598,443,732773,36,Self-employed,14287,5,3,No,Home,0.2768905771541533,0
33,113106,734,917482,24,Self-employed,38679,0,2,Yes,Home,0.34197124820964403,0
29,47082,385,552648,24,Salaried,44463,7,2,Yes,Auto,0.9443736459793551,0
47,49241,643,808108,24,Salaried,32230,1,1,Yes,Personal,0.6545358542677849,0
22,195641,593,811282,60,Salaried,19037,4,0,Yes,Auto,0.0973057794634049,0
25,31745,542,529083,24,Salaried,27052,8,4,Yes,Education,0.8521656953851,0
49,46029,331,395740,60,Salaried,3340,7,4,Yes,Education,0.07256294944491516,0
57,164097,690,903164,36,Salaried,40644,1,0,Yes,Personal,0.24768277299402183,1
58,143395,576,455513,36,Self-employed,48664,8,1,No,Home,0.33937027092994876,0
39,165360,831,118323,60,Salaried,45203,4,4,No,Personal,0.27336115142718914,0
28,109186,453,335960,12,Salaried,1141,9,2,No,Personal,0.010450057699705091,0
21,157612,682,614983,24,Salaried,25425,5,0,No,Personal,0.16131385935081086,1
42,117768,367,462918,24,Salaried,19281,2,3,Yes,Auto,0.16372019563888324,0
37,61846,513,468458,24,Self-employed,42049,2,1,Yes,Education,0.6798984574588494,0
27,95932,675,105841,60,Self-employed,20425,9,0,Yes,Personal,0.2129112287870575,1
45,168554,512,440642,36,Salaried,34806,7,4,Yes,Personal,0.2064976209404701,0
24,43411,378,248784,24,Self-employed,32113,9,1,Yes,Personal,0.7397433830135219,0
56,98797,680,157096,36,Self-employed,4270,9,2,No,Auto,0.04321993582801097,0
26,72307,357,142764,24,Self-employed,42814,1,1,Yes,Auto,0.5921141798166153,0
51,154165,325,496790,24,Self-employed,4683,1,1,No,Auto,0.030376544611293094,0
39,42042,746,660032,60,Self-employed,49646,4,2,Yes,Personal,1.1808667522953238,0
59,72930,365,864914,12,Self-employed,39884,5,2,No,Home,0.5468805704099822,0
47,195485,553,583459,60,Salaried,29809,1,1,Yes,Home,0.1524874031255595,0
30,117883,343,675043,24,Salaried,34552,4,2,No,Home,0.2931041795678766,0
46,53756,396,542148,24,Salaried,3786,6,0,Yes,Education,0.07042934742168316,0
39,73268,526,682413,12,Salaried,21650,9,2,Yes,Personal,0.2954905279248785,0
59,190286,735,967154,36,Salaried,28706,9,2,Yes,Home,0.15085713084514887,0
23,179674,678,418226,36,Self-employed,9190,7,1,Yes,Home,0.05114819061188597,0
33,68901,477,53696,24,Salaried,38196,6,0,No,Home,0.554360604345365,0
48,119986,726,176310,36,Salaried,39449,7,3,Yes,Personal,0.32878002433617254,0
40,183268,606,987562,24,Self-employed,39661,8,3,No,Home,0.21640984787306022,0
48,148386,803,725673,12,Self-employed,29709,4,4,Yes,Home,0.20021430593182646,0
28,25626,567,855581,12,Salaried,45429,4,2,No,Personal,1.772769843128073,0
59,158496,307,966496,24,Self-employed,14892,9,2,Yes,Education,0.09395820714718353,0
21,32857,807,889953,12,Self-employed,9643,3,0,Yes,Auto,0.2934838847125422,1
23,171054,775,95740,60,Self-employed,9943,8,3,No,Home,0.05812784266956634,0
33,153052,596,156611,60,Self-employed,43240,4,4,Yes,Auto,0.282518359773149,0
48,199362,463,448172,12,Salaried,45760,1,0,Yes,Education,0.22953220774269922,0
45,46431,784,518947,24,Self-employed,21042,9,2,No,Education,0.4531886024423338,0
53,104976,371,525828,24,Salaried,43894,7,3,Yes,Home,0.41813366864807194,0
58,102711,537,823210,12,Salaried,6869,6,4,No,Personal,0.06687696546621102,0
26,46385,403,378785,36,Self-employed,40437,7,1,Yes,Education,0.8717688908052172,0
52,189230,509,638099,60,Self-employed,44306,2,3,No,Auto,0.23413835015589493,0
41,174091,767,495376,36,Self-employed,42833,3,4,No,Auto,0.24603799162506965,0
36,38639,753,756673,24,Salaried,20918,4,0,No,Auto,0.5413701182742825,0
41,105530,567,637520,24,Self-employed,28379,5,1,No,Auto,0.26891879086515685,0
31,41563,685,851849,36,Self-employed,42939,0,4,Yes,Education,1.0331063686451891,0
57,190413,686,730089,12,Self-employed,25274,3,4,Yes,Home,0.13273253401816051,0
56,135672,558,162492,36,Self-employed,17696,9,2,No,Home,0.13043221888083023,0
55,156848,582,80099,36,Self-employed,2962,4,3,Yes,Auto,0.018884525145363665,0
39,187516,339,803494,60,Salaried,13851,6,2,Yes,Home,0.07386569679387359,0
40,159783,785,473177,60,Self-employed,45747,4,1,Yes,Auto,0.2863070539419087,0
38,102970,519,980106,36,Self-employed,5296,0,4,No,Auto,0.051432456055161696,0
34,105553,428,692762,36,Self-employed,14745,6,2,Yes,Personal,0.1396928557217701,0
35,181779,819,321400,24,Salaried,5730,7,3,Yes,Education,0.031521792946379946,0
51,190182,559,529336,60,Self-employed,13921,6,1,No,Education,0.07319830478173539,0
21,102879,665,817876,60,Salaried,32894,3,0,Yes,Auto,0.3197348341255261,1
23,189899,843,608969,24,Salaried,5602,7,2,No,Education,0.029499892047878083,0
36,156727,823,141328,12,Self-employed,17575,4,1,No,Home,0.1121376661328297,0
43,64859,315,792800,60,Self-employed,19023,9,0,No,Auto,0.29329776900661436,0
31,72098,428,355505,60,Self-employed,45349,8,2,Yes,Personal,0.6289910954534106,0
32,166323,408,507719,12,Salaried,15997,9,1,Yes,Home,0.09618032382773278,0
30,142413,832,84540,60,Salaried,17750,4,1,No,Personal,0.12463749798122363,0
52,20526,568,207608,60,Salaried,41979,0,2,No,Personal,2.045162233265127,0
36,88760,461,134700,12,Salaried,22837,8,1,No,Education,0.25728931951329426,0
28,67837,559,390676,12,Salaried,14997,4,4,No,Education,0.22107404513760928,0
58,31536,401,761935,36,Salaried,39439,5,2,No,Auto,1.2506024860476914,0
32,48541,805,439770,24,Self-employed,23067,3,1,No,Education,0.47520652644156486,0
44,99083,546,446087,24,Self-employed,45039,5,0,Yes,Personal,0.45455829960739985,0
48,54531,836,96002,12,Salaried,20923,7,0,No,Personal,0.3836900111862977,1
28,28712,430,99812,12,Self-employed,8876,2,4,No,Home,0.30913903594315967,0
48,124101,652,465842,60,Self-employed,2887,4,2,No,Personal,0.02326330972353164,0
56,85455,495,765339,36,Salaried,42422,1,1,Yes,Auto,0.4964250190158563,0
46,94744,681,307906,36,Salaried,36854,1,1,Yes,Auto,0.3889850544625517,0
28,149749,526,158946,12,Self-employed,36948,6,0,Yes,Education,0.2467328663296583,0
48,25109,775,116668,60,Salaried,2841,9,4,Yes,Education,0.11314668047313713,0
48,69268,776,149003,60,Salaried,28756,9,0,No,Education,0.41514119073742567,0
57,74615,564,785430,24,Self-employed,6040,9,0,Yes,Auto,0.0809488708704684,0
56,102503,671,270462,24,Salaried,10304,5,4,No,Personal,0.10052388710574324,0
47,180831,785,879430,60,Self-employed,30341,3,2,No,Education,0.1677864967842903,0
37,105708,733,769174,24,Self-employed,4758,4,1,No,Home,0.045010784425019865,0
29,122471,510,678889,12,Self-employed,17010,0,2,No,Education,0.1388900229442072,0
53,177661,676,319956,60,Self-employed,31658,6,3,No,Auto,0.17819330072441336,0
40,181087,694,111844,24,Self-employed,49002,7,3,No,Education,0.2705992147420853,0
33,180081,749,775453,36,Salaried,37782,8,3,Yes,Personal,0.20980558748563147,0
48,103309,663,445395,60,Salaried,1375,7,4,Yes,Education,0.013309585805689727,0
49,146446,756,749158,60,Salaried,33949,4,0,Yes,Auto,0.2318192371249471,1
33,126661,525,124601,36,Salaried,22092,2,2,Yes,Auto,0.174418329241045,0
55,177215,430,975779,12,Self-employed,490,9,1,Yes,Home,0.0027650029625031743,0
26,26154,775,360001,36,Self-employed,3729,8,3,No,Auto,0.14257857306721725,0
38,172876,576,437699,60,Salaried,5974,5,2,Yes,Home,0.03455656077188274,0
25,192760,455,544700,12,Self-employed,19680,4,3,Yes,Personal,0.10209587051255448,0
45,84288,517,332844,24,Salaried,18324,2,3,Yes,Auto,0.2173974943052392,0
22,71195,489,832215,24,Salaried,31334,5,1,No,Education,0.44011517662757216,0
30,40581,716,482680,24,Salaried,21398,2,4,No,Personal,0.5272910968187082,0
50,50087,845,223423,60,Self-employed,34650,9,0,No,Education,0.6917962744824007,0
25,184053,340,143330,36,Self-employed,21292,5,4,Yes,Education,0.11568406926265803,0
53,89298,606,275391,12,Self-employed,35755,3,2,Yes,Education,0.4004009048354946,0
21,66167,637,263606,24,Self-employed,38353,1,4,Yes,Personal,0.5796393972826334,0
38,194480,613,457085,12,Salaried,3159,7,2,Yes,Personal,0.01624331550802139,0
52,59499,374,241387,60,Self-employed,32626,3,2,Yes,Auto,0.5483453503420226,0
31,145816,578,291133,24,Self-employed,29351,8,0,No,Education,0.2012879245075986,0
41,189631,475,536904,60,Self-employed,37298,6,1,Yes,Home,0.1966872505022913,0
46,116347,572,464170,36,Salaried,17065,1,0,No,Auto,0.14667331345028234,0
45,68787,588,736915,60,Salaried,21638,3,4,Yes,Personal,0.31456525215520376,0
42,55488,571,375497,60,Self-employed,1073,4,2,No,Home,0.019337514417531718,0
47,94441,365,525406,36,Self-employed,46511,2,3,No,Personal,0.49248737306890017,0
33,42431,782,488242,12,Self-employed,18771,8,3,No,Home,0.4423888194951804,0
53,81681,547,412916,36,Self-employed,35461,4,2,No,Auto,0.43414013050770683,0
54,142720,455,228048,36,Salaried,42330,1,0,Yes,Home,0.296594730941704,0
55,69153,346,403646,60,Self-employed,29320,2,1,Yes,Auto,0.4239873902795251,0
21,26368,753,426087,12,Self-employed,4340,8,0,Yes,Personal,0.16459344660194175,1
41,178496,500,421994,24,Self-employed,34924,6,2,No,Home,0.1956570455360344,0
26,132360,423,619383,36,Salaried,16184,1,2,Yes,Education,0.1222725899063161,0
48,196076,300,195342,12,Salaried,40734,8,1,Yes,Education,0.20774597605010303,0
37,132755,490,736268,36,Self-employed,2580,3,4,Yes,Personal,0.01943429626002787,0
25,76985,815,851955,36,Self-employed,40025,8,4,Yes,Home,0.5199064752873936,0
51,70069,741,112433,36,Self-employed,28967,1,1,No,Education,0.41340678474075554,0
25,72326,442,594279,36,Self-employed,2159,9,4,No,Auto,0.02985095263114233,0
58,128737,490,322919,60,Self-employed,48940,3,3,Yes,Home,0.38015488942572845,0
23,174470,832,521017,12,Salaried,13900,4,4,Yes,Home,0.07966985728205422,0
43,70861,526,397139,12,Salaried,11440,1,4,Yes,Education,0.16144282468494658,0
57,95897,612,197745,12,Salaried,14678,9,4,No,Auto,0.1530600540162883,0
57,147118,601,697096,36,Self-employed,47204,0,3,No,Auto,0.32085808670590954,0
30,88577,759,732416,60,Salaried,12021,6,4,No,Auto,0.13571243099224403,0
30,29078,700,187686,36,Salaried,6772,9,3,Yes,Home,0.23289084531260748,0
39,176075,692,57415,36,Salaried,1627,0,1,No,Personal,0.009240380519664915,0
37,82768,506,820326,12,Self-employed,44432,7,0,No,Home,0.5368258264063406,0
41,71047,509,487100,36,Self-employed,8219,2,1,No,Home,0.11568398384168227,0
34,91626,414,984468,24,Salaried,23464,9,0,No,Education,0.25608451749503414,0
29,77660,550,828493,36,Self-employed,30232,5,1,No,Personal,0.38928663404584085,0
21,152997,518,349188,24,Salaried,42481,6,0,Yes,Auto,0.2776590390661255,0
33,137832,706,762509,36,Salaried,8488,9,0,Yes,Education,0.06158221603111034,1
24,150406,742,218616,60,Salaried,34949,0,2,Yes,Home,0.23236440035636877,0
21,145150,653,99976,60,Salaried,44362,5,0,Yes,Personal,0.30562866000688943,1
52,177087,849,475468,12,Self-employed,39932,6,0,No,Auto,0.2254936838954864,1
54,53320,441,315976,36,Self-employed,18981,5,2,Yes,Auto,0.35598274568642163,0
48,84881,800,271883,24,Self-employed,901,3,4,Yes,Home,0.010614860805127179,0
51,110827,846,261509,24,Self-employed,22444,0,4,Yes,Auto,0.20251382785783248,0
28,122215,841,546965,36,Salaried,42058,8,2,No,Auto,0.34413124411897067,0
59,177361,806,870580,24,Self-employed,18061,3,3,Yes,Personal,0.1018318570598948,0
46,154461,580,813529,60,Salaried,2881,6,0,No,Education,0.01865195745204291,0
54,176755,723,568823,24,Self-employed,29863,6,0,No,Personal,0.1689513733699188,1
23,164701,569,269526,12,Self-employed,45826,1,2,No,Education,0.2782375334697421,0
32,81550,453,948662,60,Self-employed,5622,0,2,Yes,Education,0.06893930104230533,0
21,44826,382,397220,60,Salaried,1378,7,3,No,Education,0.03074108776156695,0
25,120734,725,874834,60,Salaried,17632,7,4,Yes,Auto,0.14604005499693543,0
50,177702,574,763087,36,Salaried,28311,6,1,Yes,Personal,0.15931728399230172,0
50,197235,583,88578,36,Salaried,5650,7,4,Yes,Auto,0.02864603138388217,0
37,118511,472,664741,60,Self-employed,45201,2,0,No,Home,0.38140763304672143,0
43,31653,626,465534,36,Salaried,42224,1,2,No,Personal,1.333965184974568,0
35,179033,362,912147,24,Salaried,7036,6,3,Yes,Education,0.03930001731524356,0
57,101941,372,258859,36,Self-employed,39255,7,4,No,Auto,0.3850756810311847,0
41,53662,674,161435,36,Self-employed,22499,0,3,No,Auto,0.41927248332153105,0
34,118818,807,790389,60,Salaried,37016,9,4,No,Personal,0.31153528926593616,0
22,172360,697,201538,12,Self-employed,4603,8,0,Yes,Personal,0.026705732188442795,1
31,115081,419,932174,12,Salaried,27773,3,1,No,Education,0.24133436449109757,0
59,56877,736,95475,12,Self-employed,19937,3,3,No,Education,0.35052833306960635,0
58,131562,764,896574,24,Salaried,12632,2,3,Yes,Home,0.09601556680500449,0
54,166385,585,790520,36,Salaried,30607,5,1,No,Education,0.18395288036782162,0
58,92715,564,207636,12,Salaried,26337,0,3,Yes,Auto,0.2840640673030254,0
54,161398,619,203484,60,Salaried,220,5,3,No,Home,0.0013630900011152554,0
38,130091,675,143526,12,Salaried,46994,1,4,No,Home,0.36123944008424874,0
50,152632,388,101001,12,Self-employed,4818,8,4,No,Home,0.031566119817600505,0
35,99148,502,894081,36,Salaried,7349,1,1,No,Personal,0.07412151531044499,0
47,103186,633,242029,36,Salaried,5618,6,0,No,Education,0.05444537049599752,0
54,177817,521,478733,36,Salaried,27464,0,3,No,Home,0.15445092426483406,0
58,182962,340,718516,24,Salaried,42624,6,0,Yes,Personal,0.232966408325226,0
53,171094,367,990568,24,Salaried,37344,4,1,No,Personal,0.21826598244240009,0
44,143629,813,599999,12,Self-employed,18255,7,1,No,Home,0.12709828795020503,0
35,90316,426,604394,36,Self-employed,24299,3,4,No,Home,0.26904424465211035,0
50,48380,554,901890,12,Salaried,47975,9,3,Yes,Auto,0.9916287722199256,0
37,130198,315,984093,60,Self-employed,1462,6,2,Yes,Home,0.011229051137498272,0
25,22356,776,532488,60,Salaried,15905,5,1,Yes,Auto,0.7114421184469494,0
49,90326,361,442573,36,Self-employed,24920,4,3,No,Home,0.2758895556096805,0
24,112447,731,267583,36,Self-employed,16252,3,0,No,Home,0.14453031205812517,1
30,134994,567,413898,60,Salaried,41004,6,4,Yes,Education,0.30374683319258633,0
37,40049,334,188286,36,Self-employed,40581,4,0,Yes,Home,1.0132837274338935,0
30,125361,793,277189,24,Self-employed,34836,4,1,Yes,Home,0.2778854667719626,0
37,36082,768,176479,24,Salaried,5753,0,1,No,Auto,0.15944238124272492,0
40,20661,624,470343,36,Salaried,40005,1,0,Yes,Auto,1.9362567155510382,0
44,188484,603,186213,60,Self-employed,14175,4,1,No,Education,0.07520532246768956,0
25,22920,575,603172,12,Self-employed,6191,2,3,No,Home,0.27011343804537524,0
54,99561,500,314852,36,Self-employed,17898,1,1,No,Home,0.17976918672974357,0
26,28946,744,854807,36,Salaried,18982,3,4,Yes,Auto,0.655772818351413,0
22,196572,623,589376,12,Self-employed,14622,3,3,No,Personal,0.0743849581832611,0
33,36309,334,369759,36,Self-employed,1001,3,2,Yes,Personal,0.02756892230576441,0
31,75230,781,422282,12,Self-employed,47645,3,1,Yes,Personal,0.6333244716203642,0
43,131822,779,750406,60,Salaried,43000,2,1,Yes,Auto,0.3261974480739179,0
36,181099,364,322158,24,Salaried,23283,6,4,Yes,Auto,0.1285650390118112,0
51,132340,307,769785,60,Salaried,21435,8,4,No,Personal,0.16196917031887562,0
31,79321,600,446489,24,Salaried,27223,4,0,No,Personal,0.3432004135096633,0
36,152028,642,752495,12,Self-employed,37244,3,0,No,Home,0.24498118767595442,0
28,94131,730,414986,24,Salaried,30024,1,0,No,Auto,0.31895974758581125,1
24,198980,723,998385,60,Self-employed,49630,1,4,Yes,Auto,0.24942205246758467,0
24,45963,631,540238,24,Self-employed,30734,4,0,Yes,Personal,0.6686682766573113,0
45,121757,737,128077,12,Self-employed,515,6,0,Yes,Personal,0.004229736277996337,1
23,190515,473,189784,24,Self-employed,45246,9,2,Yes,Education,0.23749311077867885,0
52,119259,826,255776,36,Salaried,1191,9,0,No,Auto,0.009986667672880034,1
23,59063,325,365018,60,Salaried,32264,8,1,Yes,Education,0.5462641586102975,0
47,134225,705,119087,36,Salaried,43628,6,4,No,Home,0.3250363196125908,0
49,136400,531,848729,12,Salaried,46216,4,3,Yes,Education,0.33882697947214074,0
52,100818,832,814629,24,Salaried,6297,9,2,Yes,Personal,0.06245908468725823,0
39,24703,849,863560,36,Self-employed,27856,9,4,Yes,Auto,1.1276363194753674,0
41,92099,804,642656,36,Salaried,49423,9,4,Yes,Auto,0.5366290622048013,0
25,176921,478,793859,24,Salaried,8334,5,1,No,Education,0.04710577037208698,0
38,182932,431,391102,24,Salaried,24162,2,0,No,Education,0.13208186648590733,0
48,51585,754,345064,60,Salaried,6008,4,1,No,Home,0.11646796549384511,0
42,173087,647,301514,36,Self-employed,7987,7,0,No,Home,0.04614442448017471,0
41,63585,839,978660,36,Self-employed,30966,0,0,Yes,Personal,0.48700165133286155,0
26,46958,705,192180,12,Self-employed,3332,0,4,Yes,Personal,0.0709570254269773,0
21,46017,375,999349,60,Self-employed,787,6,0,No,Personal,0.017102375209161833,0
25,144677,791,970304,12,Self-employed,38990,4,2,No,Education,0.2694968792551684,0
32,196422,493,834192,36,Salaried,9873,4,2,Yes,Education,0.05026422702141308,0
46,163273,461,485928,12,Self-employed,17006,0,2,Yes,Auto,0.10415684160883919,0
54,49426,646,970114,36,Self-employed,20225,8,4,No,Personal,0.4091975883138429,0
34,37778,660,651891,36,Self-employed,36444,0,1,No,Education,0.9646884430091588,0
46,196313,386,83872,12,Salaried,35340,4,3,No,Auto,0.18001864369654583,0
47,62229,561,322872,12,Salaried,39683,9,0,Yes,Personal,0.6376930370084687,0
29,106652,513,407246,24,Self-employed,5033,8,3,No,Home,0.047190863743764765,0
46,148267,561,538535,24,Salaried,7788,3,1,No,Home,0.05252686032630322,0
42,199436,582,434193,24,Salaried,15689,7,1,No,Education,0.07866684049018231,0
50,146503,766,857015,36,Self-employed,44220,5,4,No,Auto,0.3018368224541477,0
37,104878,679,135774,12,Salaried,21598,2,2,No,Home,0.20593451438814622,0
46,77056,661,974767,60,Salaried,37480,3,2,Yes,Auto,0.48639950166112955,0
56,178562,748,438518,36,Salaried,29703,1,1,No,Auto,0.16634558304678487,0
21,39975,740,248522,60,Self-employed,66,0,4,Yes,Home,0.001651031894934334,0
28,177795,392,270357,12,Self-employed,48623,7,4,No,Auto,0.2734778818301977,0
55,174351,723,462672,36,Self-employed,45246,0,0,No,Home,0.25951098645835124,1
35,162633,441,927550,60,Salaried,7533,0,2,No,Education,0.046319012746490563,0
42,108397,590,115942,60,Self-employed,15103,3,1,Yes,Personal,0.13933042427373452,0
34,53142,731,587977,24,Salaried,4616,9,3,Yes,Personal,0.08686161604757066,0
46,46916,348,607564,24,Salaried,46045,9,2,Yes,Education,0.9814349049364822,0
48,84324,601,559565,24,Salaried,38498,5,0,No,Home,0.4565485508277596,0
43,196037,489,572552,36,Self-employed,43492,8,4,No,Home,0.2218560781893214,0
34,145932,435,676256,12,Self-employed,11772,0,1,Yes,Home,0.080667708247677,0
44,155720,703,463089,12,Self-employed,23849,6,2,Yes,Home,0.15315309529925508,0
22,186205,640,849482,24,Self-employed,49036,9,3,No,Education,0.26334416369055613,0
46,116059,617,640504,24,Salaried,12940,4,0,Yes,Personal,0.11149501546627147,0
34,118317,662,789804,24,Self-employed,16932,7,0,No,Auto,0.14310707675143894,1
27,55046,681,396184,60,Salaried,29769,6,2,Yes,Auto,0.540802238128111,0
23,198136,532,595932,24,Self-employed,24648,3,3,Yes,Personal,0.12439940243065369,0
43,121459,643,112021,60,Self-employed,47411,3,0,Yes,Education,0.3903457133682971,0
38,65893,848,742485,12,Self-employed,32966,5,1,No,Auto,0.5002959343177575,0
58,121520,828,510115,36,Salaried,27777,5,0,No,Personal,0.22857965766951943,1
55,145818,482,92291,36,Salaried,32567,8,3,Yes,Education,0.22334005403996762,0
35,81272,340,478276,36,Salaried,49723,4,4,No,Auto,0.61180972536667,0
45,87649,696,444754,36,Salaried,17174,7,4,No,Home,0.19594062681833221,0
57,84674,793,353664,60,Salaried,42598,4,2,No,Home,0.5030824101849446,0
48,164832,632,75675,60,Self-employed,13798,1,3,No,Education,0.08370947388856533,0
30,172999,426,723647,24,Salaried,17558,5,0,Yes,Home,0.10149191613824357,0
59,106475,300,312318,60,Salaried,44237,8,0,No,Education,0.4154684198168584,0
37,81367,467,142268,24,Salaried,178,2,4,No,Personal,0.0021876190593238046,0
59,163660,318,347142,24,Salaried,20470,0,4,Yes,Personal,0.12507637785653183,0
42,141750,631,758672,36,Self-employed,17118,0,1,No,Auto,0.12076190476190476,0
46,138154,755,979616,60,Salaried,22616,2,4,No,Education,0.1637013767245248,0
45,64738,408,679698,60,Self-employed,798,9,1,No,Auto,0.012326608792363063,0
37,53397,567,387369,24,Self-employed,7601,4,0,Yes,Auto,0.14234882109481806,0
33,102189,744,881246,24,Self-employed,25363,2,1,Yes,Personal,0.2481969683625439,0
40,96367,539,397235,12,Salaried,2795,8,1,No,Auto,0.029003704587670053,0
45,140585,600,362863,12,Self-employed,31926,7,2,No,Home,0.2270939289397873,0
24,96619,402,179887,24,Salaried,45264,2,4,Yes,Auto,0.46847928461275734,0
30,131453,549,346063,12,Salaried,37356,8,1,Yes,Education,0.2841776148128989,0
23,39816,752,385299,12,Salaried,7297,5,0,Yes,Home,0.18326803295157726,1
38,193312,819,383713,24,Salaried,3084,6,3,No,Personal,0.01595348452243006,0
56,157348,452,877760,24,Salaried,30329,3,1,No,Education,0.19275109947377786,0
42,99530,473,251554,60,Self-employed,11110,3,4,Yes,Home,0.11162463578820456,0
54,174571,642,861050,24,Self-employed,731,1,2,No,Education,0.00418740798872665,0
28,128856,730,608963,24,Salaried,1129,4,0,No,Home,0.00876171850748122,1
39,91635,623,545010,36,Self-employed,28022,7,2,No,Education,0.3058001855186337,0
57,127803,719,855351,60,Salaried,1605,6,3,No,Education,0.012558390648106852,0
26,55946,784,840605,60,Self-employed,11970,6,1,No,Home,0.21395631501805312,0
46,75204,711,421513,60,Self-employed,43705,5,1,No,Personal,0.5811525982660497,0
54,35563,383,862832,36,Self-employed,44130,2,4,No,Personal,1.2408964373084386,0
26,112324,412,231517,24,Self-employed,29265,4,1,Yes,Education,0.26054093515188204,0
57,29847,631,120305,60,Self-employed,32330,0,0,Yes,Education,1.0831909404630282,0
53,46155,677,742924,60,Salaried,2933,6,3,Yes,Personal,0.06354674466471671,0
42,99671,340,489030,12,Salaried,15187,8,2,Yes,Personal,0.15237130158220547,0
41,136891,404,522963,60,Self-employed,25791,0,3,Yes,Auto,0.18840537361842635,0
26,103310,501,663079,24,Salaried,24900,1,1,Yes,Personal,0.24102216629561513,0
26,169381,749,209034,24,Self-employed,5074,2,2,Yes,Education,0.029956134395239135,0
24,151691,565,528108,12,Salaried,46805,2,4,Yes,Home,0.30855489119328106,0
50,54707,509,644821,60,Self-employed,26426,7,3,Yes,Personal,0.48304604529584877,0
31,171409,417,237256,60,Self-employed,39867,6,2,No,Auto,0.23258405334609034,0
50,101537,676,526128,60,Self-employed,893,5,2,No,Auto,0.0087948235618543,0
51,198686,839,940023,36,Salaried,34158,9,2,Yes,Auto,0.1719195111885085,0
44,111155,383,715938,60,Salaried,19773,9,0,No,Home,0.17788673473977779,0
29,20281,753,705348,24,Self-employed,4239,3,3,No,Personal,0.20901336226024358,0
23,178492,813,723984,24,Self-employed,20863,8,2,Yes,Personal,0.11688479035474979,0
51,190102,686,875626,36,Salaried,3432,0,3,Yes,Personal,0.01805346603402384,0
57,152130,649,422047,36,Salaried,35139,1,2,Yes,Home,0.23098008282390062,0
56,96260,595,443605,60,Salaried,1515,3,4,No,Home,0.01573862455848743,0
44,179476,557,411447,12,Salaried,31670,2,4,No,Education,0.17645813367804053,0
51,180928,380,292188,36,Salaried,48674,0,4,Yes,Auto,0.26902414220021226,0
26,160272,567,426047,36,Self-employed,39094,4,1,No,Auto,0.24392283118698213,0
22,84178,718,903823,60,Salaried,14605,6,2,No,Personal,0.17350138991185346,0
40,53997,534,287501,60,Self-employed,5586,1,1,No,Home,0.10345019167731541,0
48,176683,610,981298,36,Self-employed,35685,4,3,Yes,Home,0.2019718931645942,0
31,139273,656,370146,12,Salaried,48669,5,1,No,Personal,0.34945036008415126,0
24,192307,512,347675,36,Salaried,31186,6,3,No,Personal,0.1621677838040217,0
35,186129,348,758175,60,Self-employed,26928,0,3,No,Education,0.14467385522943765,0
26,152311,426,579274,60,Salaried,32728,6,3,No,Auto,0.2148761415787435,0
50,146945,522,868730,36,Self-employed,17551,3,1,No,Auto,0.11943924597638572,0
58,65272,578,313625,12,Salaried,21493,7,2,No,Auto,0.3292836131878907,0
22,109393,707,892840,36,Salaried,20711,3,1,No,Education,0.18932655654383734,0
35,81212,804,250339,36,Salaried,20039,5,2,Yes,Personal,0.24674924887947594,0
31,166470,593,696238,60,Self-employed,36561,8,2,Yes,Personal,0.21962515768606955,0
28,140030,576,984339,12,Salaried,9947,4,3,No,Auto,0.07103477826180105,0
46,76503,737,175355,24,Self-employed,32335,3,1,Yes,Auto,0.4226631635360705,0
25,157710,406,77798,12,Salaried,15859,7,2,No,Education,0.10055798617716061,0
26,26570,719,665937,36,Self-employed,23122,8,4,No,Home,0.8702295822356041,0
46,88785,728,377031,36,Salaried,1577,3,2,No,Home,0.017762009348425974,0
24,29110,674,69477,36,Self-employed,42256,2,4,Yes,Auto,1.4515973892133287,0
39,99141,372,460482,12,Self-employed,28350,7,1,No,Education,0.2859563651768693,0
40,32115,329,267400,60,Self-employed,41932,4,1,No,Auto,1.3056827027868598,0
53,59062,487,267060,36,Self-employed,33798,1,1,Yes,Home,0.5722461142528191,0
40,42911,663,439959,36,Self-employed,31898,9,2,Yes,Auto,0.7433525203327818,0
32,124061,750,561181,12,Self-employed,15881,8,0,No,Home,0.1280096081766228,1
21,52556,494,557831,24,Salaried,10785,2,2,Yes,Home,0.20520968110206256,0
46,148335,455,963858,24,Self-employed,6691,1,2,Yes,Home,0.045107358344288265,0
34,21969,471,455105,60,Self-employed,17297,0,3,No,Personal,0.7873367017160544,0
58,63753,340,336479,60,Self-employed,6358,7,3,No,Personal,0.09972864022085236,0
57,155542,362,978758,36,Salaried,19581,2,2,No,Auto,0.12588882745496394,0
31,141863,322,398754,12,Salaried,1462,6,4,Yes,Home,0.010305717487998986,0
56,30225,659,323586,36,Salaried,15511,0,3,Yes,Personal,0.5131844499586435,0
33,143008,374,882721,60,Self-employed,10570,0,2,Yes,Auto,0.07391194898187514,0
23,174268,417,890179,12,Salaried,48665,8,0,No,Auto,0.2792537930084697,0
53,125823,679,873759,12,Salaried,44414,7,4,Yes,Auto,0.3529879274854359,0
26,33669,589,983703,60,Self-employed,15474,2,1,Yes,Auto,0.45959190947162076,0
30,188452,739,384971,24,Self-employed,7037,5,2,No,Auto,0.037341073589030625,0
25,144398,306,680752,24,Salaried,28129,2,2,No,Education,0.19480186706187066,0
43,130677,495,181184,12,Self-employed,42267,3,4,No,Home,0.3234463601092771,0
30,68320,720,137051,36,Self-employed,13386,0,3,Yes,Auto,0.19593091334894613,0
22,198486,492,200653,24,Self-employed,6221,4,3,No,Education,0.03134226091512751,0
33,166649,447,295300,36,Self-employed,23474,0,3,Yes,Home,0.14085893104669095,0
22,145354,501,634010,24,Salaried,40537,0,1,Yes,Personal,0.27888465401708934,0
40,108009,743,142036,24,Self-employed,49839,9,4,No,Auto,0.4614337694081049,0
21,48625,718,802922,36,Salaried,47124,6,4,No,Education,0.9691311053984576,0
57,44089,726,197595,60,Salaried,21045,5,3,No,Personal,0.47732994624509517,0
29,56487,778,903392,24,Salaried,25783,1,3,No,Education,0.45644130507904473,0
37,130448,774,822997,24,Salaried,40157,1,0,No,Home,0.3078391389672513,1
29,70138,425,331696,36,Self-employed,4922,6,0,Yes,Home,0.07017593886338362,0
31,193895,694,566612,60,Self-employed,46407,0,2,Yes,Personal,0.23934088037339799,0
35,188280,624,191880,24,Self-employed,22706,1,2,Yes,Education,0.12059698321648608,0
44,74061,691,285419,24,Salaried,42771,7,4,No,Auto,0.5775104305909993,0
58,181731,739,204692,60,Salaried,32479,5,4,Yes,Auto,0.1787201963341422,0
55,121376,503,313031,24,Salaried,5178,1,1,No,Personal,0.04266082256788822,0
50,182962,785,343946,60,Self-employed,30022,6,1,No,Personal,0.16408871787584306,0
51,99134,330,659312,60,Salaried,15240,3,0,Yes,Personal,0.15373131317207012,0
25,67055,687,538765,36,Self-employed,26220,1,2,Yes,Education,0.39102229513086273,0
34,39508,733,820097,12,Self-employed,36736,5,0,No,Auto,0.9298369950389794,0
31,193359,675,692927,60,Self-employed,2716,8,0,Yes,Auto,0.014046411079908358,1
29,178056,643,954680,36,Self-employed,16574,8,2,No,Auto,0.09308307498764434,0
54,130169,742,656226,12,Salaried,46279,7,1,Yes,Personal,0.35553011853820804,0
32,28125,374,267813,24,Self-employed,17719,2,2,Yes,Auto,0.6300088888888888,0
55,56059,454,826388,12,Salaried,8181,2,3,Yes,Home,0.1459355322071389,0
55,123409,729,434890,60,Self-employed,45763,1,3,Yes,Personal,0.37082384591075207,0
21,168159,662,862481,60,Salaried,44066,4,3,Yes,Auto,0.26204960781165443,0
42,25704,747,389933,60,Salaried,49530,3,4,No,Education,1.926937441643324,0
49,131279,533,658814,60,Self-employed,20213,6,1,Yes,Personal,0.15396978953221765,0
28,178280,561,451062,60,Self-employed,6380,3,1,Yes,Home,0.035786403410365715,0
31,138516,424,533779,36,Self-employed,615,8,4,Yes,Home,0.0044399202980161135,0
57,190954,544,547952,60,Salaried,463,1,0,No,Education,0.0024246677210218166,0
34,176995,841,620508,36,Self-employed,31973,5,3,No,Education,0.18064352100341818,0
50,134044,784,882595,24,Self-employed,9158,6,3,No,Personal,0.06832084987019188,0
55,49165,421,446981,60,Salaried,20651,3,0,No,Personal,0.42003457744330314,0
41,87203,424,429270,60,Self-employed,3158,5,2,No,Home,0.03621435042372395,0
57,24114,848,917918,12,Salaried,20008,6,2,Yes,Education,0.8297254706809323,0
25,56321,469,125277,24,Self-employed,46202,3,1,Yes,Personal,0.8203334457839883,0
39,93297,423,569570,60,Salaried,4938,7,4,Yes,Home,0.05292774687288981,0
34,116652,334,533455,60,Salaried,38185,8,1,No,Education,0.3273411514590406,0
46,119304,386,940677,24,Self-employed,22388,0,2,No,Home,0.18765506604975524,0
24,176498,500,172332,36,Salaried,8881,6,0,Yes,Auto,0.05031785062720257,0
45,37772,668,284231,60,Self-employed,5603,8,1,No,Education,0.14833739277771896,0
45,123754,376,597219,12,Self-employed,34980,9,3,No,Personal,0.2826575302616481,0
38,23712,358,139116,60,Salaried,22504,4,3,No,Personal,0.949055330634278,0
28,152439,730,301671,12,Self-employed,16766,1,0,Yes,Auto,0.10998497759759641,1
59,135142,799,892065,12,Salaried,28386,9,2,Yes,Education,0.2100457296769324,0
34,111736,408,523918,60,Salaried,11695,5,3,No,Home,0.1046663564115415,0
52,71924,577,626201,60,Salaried,17796,6,3,No,Personal,0.24742784049830377,0
58,23726,367,824504,12,Salaried,42543,1,4,No,Auto,1.7930961814043664,0
53,109152,368,669064,24,Salaried,14559,1,1,No,Auto,0.13338280562884786,0
43,47723,464,75991,24,Salaried,38914,9,2,Yes,Education,0.8154139513442156,0
35,146969,788,564265,60,Salaried,33139,9,1,No,Education,0.225482924970572,0
53,120494,604,760205,36,Salaried,38333,0,2,Yes,Personal,0.31813202317127826,0
45,160180,664,678380,24,Self-employed,8802,3,3,Yes,Auto,0.054950680484454985,0
37,55643,678,279577,60,Self-employed,8307,6,4,Yes,Home,0.14929101594090902,0
53,182396,642,760672,24,Salaried,40205,8,1,No,Auto,0.22042698304787386,0
22,123896,653,453777,36,Self-employed,33214,2,3,Yes,Home,0.26807967973138763,0
34,159999,715,984405,60,Self-employed,34159,6,2,Yes,Home,0.21349508434427716,0
59,113680,408,811401,36,Self-employed,11516,6,1,No,Personal,0.10130190007037297,0
26,116546,796,145556,60,Self-employed,29086,6,1,No,Auto,0.24956669469565665,0
26,173515,640,899307,36,Self-employed,48222,1,3,No,Home,0.27791257240008066,0
23,99973,682,206989,24,Self-employed,30480,5,1,Yes,Education,0.304882318225921,0
27,83449,832,374264,24,Salaried,44659,1,4,No,Home,0.5351651907152872,0
28,129834,599,445204,36,Self-employed,47766,5,4,Yes,Education,0.36790054993299137,0
35,45537,438,556961,36,Self-employed,38737,9,3,Yes,Education,0.8506708830182049,0
49,97576,658,946473,36,Self-employed,9265,2,2,No,Auto,0.0949516274493728,0
53,127522,798,702755,60,Self-employed,48629,1,3,Yes,Education,0.3813381220495287,0
50,42612,684,570616,24,Salaried,5454,5,4,Yes,Home,0.12799211489721204,0
59,26471,579,457472,60,Salaried,35918,1,0,Yes,Education,1.3568811151826528,0
47,186703,782,430634,24,Salaried,26181,4,0,Yes,Auto,0.14022806275207148,1
56,51348,410,793088,12,Salaried,15386,1,1,No,Personal,0.2996416608241801,0
49,21177,438,700443,60,Self-employed,39182,2,1,Yes,Home,1.8502148557397176,0
58,155832,734,340374,24,Salaried,37425,2,0,No,Home,0.24016248267364854,1
53,52779,808,548682,24,Salaried,43254,5,4,Yes,Auto,0.8195304950832718,0
57,41636,572,109778,60,Salaried,24327,5,1,Yes,Auto,0.584278028629071,0
47,101889,398,95833,60,Salaried,21181,9,3,No,Auto,0.20788308845900932,0
53,73551,403,859057,24,Self-employed,47662,2,3,Yes,Auto,0.6480129433998179,0
24,162628,513,606376,60,Salaried,21452,2,4,Yes,Home,0.1319084044567971,0
42,178670,464,785010,36,Self-employed,38248,0,1,Yes,Personal,0.21407063301057816,0
22,162635,819,416081,60,Salaried,40801,6,3,Yes,Education,0.2508746579764503,0
30,66819,583,514507,60,Self-employed,33751,7,1,Yes,Education,0.5051108217722504,0
25,93770,816,246375,60,Self-employed,21991,1,1,Yes,Personal,0.23452063559773914,0
30,178038,463,126361,24,Salaried,41311,3,3,No,Personal,0.2320347341578764,0
53,178059,363,400373,36,Salaried,9916,9,0,No,Personal,0.05568940632037695,0
58,98714,390,185189,12,Salaried,10143,6,3,No,Auto,0.10275138278258403,0
33,44596,416,664553,12,Salaried,25855,7,4,Yes,Home,0.5797605166382636,0
51,184246,566,572154,36,Self-employed,15581,0,2,Yes,Home,0.08456628637799464,0
56,84106,439,672006,36,Self-employed,1907,3,3,Yes,Home,0.02267376881554229,0
44,79182,545,372854,36,Salaried,29424,5,1,No,Auto,0.371599605971054,0
35,107163,694,669164,24,Salaried,23308,2,1,Yes,Home,0.21750044325000234,0
49,59310,786,80949,12,Self-employed,41984,4,3,No,Auto,0.7078738829876918,0
28,76088,775,990051,36,Salaried,41505,9,2,Yes,Home,0.545486804752392,0
25,148803,816,787242,24,Self-employed,46525,8,3,Yes,Personal,0.3126617070892388,0
49,159978,483,904568,12,Salaried,36942,2,2,Yes,Education,0.2309192513970671,0
24,56914,319,161541,60,Self-employed,26957,4,2,No,Education,0.47364444600625505,0
32,130350,823,769979,24,Self-employed,25464,7,4,Yes,Auto,0.19535097813578825,0
22,65379,828,111842,12,Self-employed,48476,5,1,No,Home,0.7414613255020726,0
47,188722,446,538019,24,Self-employed,23649,3,1,Yes,Education,0.1253113044584097,0
51,197953,603,282930,12,Self-employed,42065,7,2,Yes,Personal,0.21249993685369759,0
56,66413,527,339134,12,Salaried,27125,2,1,No,Personal,0.40842907262132416,0
56,157084,401,721553,60,Self-employed,34758,2,0,Yes,Personal,0.22127014845560336,0
46,27151,716,342253,24,Salaried,5596,3,2,Yes,Auto,0.2061065890759088,0
47,77716,515,180356,36,Self-employed,16374,8,1,Yes,Auto,0.210690205363117,0
25,113747,706,986737,60,Self-employed,3775,4,0,Yes,Home,0.033187688466509005,1
40,187450,698,818917,60,Salaried,27388,7,4,No,Personal,0.1461082955454788,0
31,193724,798,787090,12,Salaried,21029,5,1,No,Home,0.10855134108319052,0
30,164539,764,964565,36,Salaried,18445,2,0,Yes,Home,0.1121010824181501,1
58,182082,381,739870,24,Salaried,48474,7,3,Yes,Personal,0.26622071374435696,0
26,141999,664,837738,36,Self-employed,14645,8,3,No,Home,0.10313452911640222,0
28,134793,462,53849,36,Salaried,31105,7,0,Yes,Education,0.23076124131075057,0
43,128177,347,62360,36,Self-employed,13668,3,2,No,Auto,0.10663379545472276,0
46,32289,810,423216,36,Salaried,15960,5,2,Yes,Home,0.49428597974542415,0
32,196048,628,827567,36,Salaried,11357,0,1,No,Personal,0.05792969068799478,0
46,194668,415,669055,12,Self-employed,37203,3,3,No,Auto,0.19110999239731236,0
33,174243,636,311445,12,Self-employed,15804,7,2,No,Auto,0.09070091768392417,0
38,106365,446,751160,60,Salaried,14626,0,2,No,Home,0.13750763879095568,0
45,134014,622,571658,12,Self-employed,28132,2,3,Yes,Education,0.2099183667378035,0
53,195211,742,480179,60,Self-employed,7951,0,4,Yes,Home,0.04073028671540026,0
32,199785,312,104330,60,Self-employed,6449,8,2,No,Education,0.0322797006782291,0
56,180806,793,101707,24,Self-employed,19065,1,0,No,Auto,0.1054445095848589,1
24,92588,586,330833,36,Self-employed,35967,8,1,No,Home,0.3884628677582408,0
25,83646,413,603372,12,Self-employed,39536,3,2,No,Personal,0.47265858498912083,0
57,23654,779,90387,24,Self-employed,9130,1,2,Yes,Home,0.38598122939037793,0
28,38743,321,911248,12,Self-employed,23824,3,4,No,Education,0.6149239862684872,0
48,68368,648,576930,60,Salaried,41401,9,0,No,Education,0.6055610812075825,0
51,157513,619,878569,12,Self-employed,36993,5,1,No,Home,0.2348568054700247,0
29,139735,425,523048,36,Salaried,31875,6,2,No,Education,0.2281103517372169,0
49,175683,576,236633,60,Self-employed,49748,2,1,No,Auto,0.2831691171029639,0
34,139891,503,898692,60,Self-employed,6054,2,3,No,Home,0.043276551029015446,0
42,127971,493,720798,24,Self-employed,34273,9,2,No,Education,0.2678184901266693,0
31,32149,846,884874,36,Self-employed,41821,7,2,Yes,Home,1.300849171047311,0
43,120102,585,939493,60,Salaried,48517,4,3,No,Home,0.4039649631146858,0
21,79189,356,446210,36,Salaried,10832,3,4,No,Personal,0.1367866749169708,0
57,172747,602,828799,12,Self-employed,29670,6,2,No,Home,0.1717540680880131,0
41,91031,462,437988,36,Salaried,49112,6,1,Yes,Personal,0.5395085190759192,0
46,62668,318,411719,60,Self-employed,22852,8,0,Yes,Education,0.36465181591881024,0
56,164745,669,838245,24,Self-employed,23620,8,1,Yes,Personal,0.14337309174785273,0
43,108204,563,929459,60,Salaried,28307,4,4,No,Personal,0.2616077039665816,0
21,174741,412,959921,36,Salaried,47551,7,0,No,Personal,0.2721227416576533,0
35,185140,787,134381,36,Self-employed,1551,9,1,No,Auto,0.008377444096359512,0
41,160507,626,824168,60,Self-employed,47922,0,1,Yes,Personal,0.29856641766402714,0
29,57384,841,891708,36,Salaried,27812,8,3,No,Home,0.48466471490310886,0
29,101929,364,877675,12,Self-employed,13799,7,4,Yes,Personal,0.13537854781269315,0
30,147959,591,243984,60,Salaried,26312,5,3,Yes,Home,0.1778330483444738,0
46,96153,324,110272,24,Self-employed,39620,2,0,Yes,Personal,0.4120516260543093,0
55,95388,848,545916,60,Self-employed,1449,2,3,Yes,Auto,0.01519059001132218,0
45,51401,300,747411,12,Salaried,24426,7,4,Yes,Education,0.4752047625532577,0
46,139503,848,788096,12,Salaried,35427,4,2,No,Personal,0.25395152792413067,0
31,147834,440,303091,12,Salaried,40277,9,2,No,Personal,0.27244747487046284,0
58,54084,487,902050,12,Self-employed,31551,6,0,Yes,Auto,0.583370312846683,0
22,130641,427,314064,12,Self-employed,24277,4,2,No,Personal,0.18582986964276146,0
27,125111,500,156121,24,Self-employed,35489,7,3,No,Home,0.28366010982247764,0
38,187523,426,520435,36,Self-employed,45212,9,0,Yes,Personal,0.24110109159943047,0
47,158299,556,651160,12,Salaried,9637,9,4,Yes,Personal,0.06087846417223103,0
